x	y	z	score	incomprehensibleMarkings	offensiveMarkings
men	McDonalds	cheap with a toy on the side	[1,2,2,2,2,2,3,3,3,3,4,4,4,4,5,5,5,5,5]	0	1
women	coffee	black, bitter and preferably fair trade	[1,2,2,3,3,3,3,3,4,4,4,4,4,5,5]	0	1
home	evenings	filled with loneliness and depressing memories	[1,1,1,1,1,1,2,2,2,3,3,4,4,4,4]	0	1
women	dendrites	ready to receive my transmission	[1,1,1,1,1,1,1,1,2,2,4,4,4,4,5,5,5,5,5,5]	1	0
boyfriends	adventure movies	a little rough with a happy ending	[1,1,2,2,2,2,2,3,3,3,3,3,4,4,4,4,4,5,5,5,5,5,5,5]	0	0
coffee	features	plastic	[1,1,1,1,1,1,1,1,1,2,2,3]	1	0
ex	rubber	wide	[1,1,1,1,2,2,3,3,3,3,3,4]	1	0
entendres	penetrations	doubled	[1,2,2,2,3,3,3,3,4,4,4,5,5,5]	1	0
men	pair	innocent	[1,1,1,1,1,1,1,1,1,1,1,1,2,2]	1	0
men	books	bound in leather	[1,2,2,2,3,3,3,3,3,3,3,3,4,4,4,4,5,5,5,5,5,5,5,5]	0	0
coffee	slaves	free	[1,1,1,1,1,2,2,2,2,2,2,2,2,2,3,3,3,3,3,4,4,4,4,5,5]	0	0
people	space stations	made in Russia	[1,1,2,2,2,2,2,2,2,2,2,3,3,3,3,3,4,4,5]	1	0
ships	polar bears	breaking the ice	[null]	0	0
big butts	Abraham Lincoln	I cannot lie	[1,2,2,3,3,3,3,3,3,3,4,4,5]	1	0
lover	soap	meant to be wet	[1,1,1,1,1,2,2,2,2,2,3,3,3,3,3,4,4,4,4,5,5,5,5,5,5]	0	0
mother	knife	blunt on the back side	[1,1,1,2,2,2,2,2,2,2,3,4,5]	1	0
Unix	churches	without d(a)emons	[1,1,1,1,2,2,2,2,2,3,3,3,3,4,5]	1	0
Japanese tourists	money	put away abroad	[2,2,3,3,3,3,4,4,5,5,5,5]	0	0
men	coffee	I fucking hate coffee	[1,1,1,1,1,2,2,2,2,2,3,3,3,3,3,3,4,4,4,4,4,5,5,5]	0	0
men	bread	white and a little toasted	[1,2,2,2,2,3,3,3,4,4,4,5]	1	0
men	waves	beating	[1,1,1,1,1,1,2,2,2,2,2,2,2,2,2,2,2,2,3,3,3,3,3,3,3,3,4,4]	1	0
ex	gas stations	exploding	[1,1,1,1,1,1,1,2,2,2,2,2,2,2,2,2,2,2,3,3,3,3,3,4]	0	0
quests	girlfriends	fun, exciting and with the option to abort	[1,2,2,2,2,2,2,2,2,3,3,3,3,3,4,4,4,4,4,4,4,5,5,5,5]	0	0
men	planes 	with a big nose	[1,1,2,2,2,2,3,3,3,3,3,3,4,4]	1	0
tea	parks	covered in homeless piss	[1,1,1,1,1,1,1,1,1,2,2,2,2,2,2,2,2,2,3,3,3,3,4,4,5]	0	0
women	coffee	detrimental to hippocampal neurogenesis, but conducive to short term memory and attentional control	[1,1,1,2,2,2,2,2,2,2,3,3,3,3,3,4,4,4,4,4,4,5,5,5,5]	0	0
lovers	documentaries	based on a true story	[1,1,2,2,2,2,2,3,3,3,3,3,4]	1	0
merchandise	role	limited	[1,1,1,1,1,2,2,2,2,2,2,3,3]	1	0
ex	truck drivers	fat and lazy	[1,1,1,1,1,1,1,2,2,2,2,2,2,2,2,2,3,3,3,3,4,4,4,5]	0	0
flirting	sex	Beat around the bush	[null]	0	0
fruit	girls	right out of the refrigerator	[1,1,1,1,1,2,2,2,2,2,2,2,2,3,3,3,3,3,3,3,4,4,4,4]	0	0
women	Halloween Candy	a little weird, delicious and at least 50% off of whatever is normal	[1,1,1,1,2,2,2,2,2,2,3,3,3,3,3,3,3,4,4,4,4,4,5,5]	0	0
women	sites	rural	[1,1,1,1,2,2,2,2,2,2,2,2,3,3,3,3]	1	0
men	face washes	informative about acne prevention	[1,1,1,2,2,2,2,3,3,4,4,4,4]	1	0
partners	tv	mutable by remote	[1,1,1,2,2,2,3,3,3,3,3,3,3,3,3,3,4,4,4,4,5,5,5,5,5]	0	0
sex	activities	illicit	[2,2,2,3,3,3,3,3,3,3,3,3,4,4,4]	0	0
men	strength	additional	[1,1,1,1,1,1,1,1,1,1,1,1,1,2,2,2,2,2,2,3,3,3,3,4,5]	0	0
sex	slinkies	flexible	[1,1,2,2,2,2,2,2,2,3,3,3,3,3,3,3,3,3,3,3,4,4,4,4]	1	0
mother	seamen	all up my girlfriends ****	[1,1,1,1,1,2,2,2,2,2,2,2,5]	1	0
partners	brownies	without nuts	[1,2,2,2,3,3,3,3,3,4,4,4,4,4,4,4,5,5,5,5]	1	0
people	hours	lonely	[1,1,1,1,1,1,1,1,1,1,2,2,2,2,2,2,2,2,2,2,2,3,4,5]	0	0
sodomy	smoking	as a secret between me and daddy	[1,1,1,1,1,1,2,2,2,3,3,3,3,3,3,4,4,4,4,5,5,5]	1	0
eggs	breakups	over easy	[1,1,1,2,2,2,3,3,3,3,3,3,3,3,3,3,4,4,4,4,5,5,5,5]	0	0
coffee	milk teeth	black	[1,1,1,1,2,2,2,2,3,3,4,4,4]	1	0
hair	clouds	fluffy and flying in the wind	[1,1,1,1,1,1,1,1,2,2,2,2,2,2,2,2,3,3,3,3,3,3,4,4]	0	0
women	baptism	wet	[1,2,3,3,3,3,3,3,3,3,4,4,5,5]	0	1
ass	blunt	fat	[1,1,1,1,2,2,2,2,2,2,2,2,2,2,2,3,3,3,3,3,4,4,4,4,5]	0	0
coffee	women	without a penis	[1,1,2,2,3,3,3,3,4,4,4,4,4,4,4]	0	1
men	wind	hot	[1,2,2,2,2,2,2,2,2,2,3,4,4]	1	0
sex	gardens	bearing fruit	[1,1,2,2,2,2,3,3,3,3,3,3,3]	0	1
ale	men	dark and rich	[1,1,2,2,2,2,2,3,3,4,4,4,4,4,5]	1	0
women	men	I'm bisexual.	[1,1,2,2,2,2,3,3,3,3,4,4,4,4,4,4,4,4,4,4,5,5,5,5,5]	0	0
men	pizza	traditional	[1,1,1,1,1,2,2,2,2,2,2,2,2,2,2,2,3,3,3,3,3,3,4,5]	0	0
holocaust	vin diesel movies	fast & furious	[1,1,2,2,3,3,3,3,3,4,4,4,5]	0	1
women	music stores	obsolete since the Internet	[1,1,1,1,1,1,1,2,2,2,2,2,2,2,2,2,2,3,4,4,4,4,5,5]	0	0
coffee	tone	pale	[1,1,1,1,1,2,2,2,2,2,2,2,3]	1	0
sex	cookie jars	a blue monster on TV wants in	[1,1,1,1,1,2,2,2,2,2,2,2,2,3,3,3,3,4,5]	1	0
Sex	Pasta	Hard and saucy	[1,1,1,2,2,2,2,2,2,2,2,3,3,3,3,3,3,3,3,4,4,4,4,5,5]	0	0
men	opponents	stubborn	[1,1,1,1,1,2,2,2,2,2,2,3,3,3,4]	0	1
partner	proposal	in Paris	[1,1,1,1,1,1,1,1,1,2,2,2,2,2,2,3,3,3,3,3,3,3,3,3,5]	0	0
money problems	unicorns	non-existent	[1,1,2,2,2,2,2,2,2,3,3,3,3,3,3,3,3,4,4,4,4,4,5,5,5]	0	0
president	coffee	physically unable to tweet.	[1,1,1,1,1,2,2,3,3,4,4,4,4,4,4,4,5,5,5,5,5,5,5,5,5]	0	0
women	wine	6 years old and locked in a cellar	[1,1,2,2,2,2,2,2,3,3,3,3,3,3,3,3,3,4,4,4,5,5,5,5]	0	0
women	cheese	not running	[1,1,1,1,2,2,2,2,3,3,3,3,4,4,5,5]	1	0
women	flowers	plastic	[1,2,2,2,3,3,3,4,4,4,4,4,4,4]	1	0
women	non-sequiturs	banana	[1,1,1,3,3,3,4,4,4,4,4,4,5]	1	0
men	remote	lightening when I push their buttons	[1,1,1,2,2,2,3,3,4,4,4,4,4]	0	1
nursing aids	hair ties	non-breakable	[1,1,1,1,1,1,1,2,2,2,2,2,2,3,3]	1	0
sex	rector election	dominated by Torfs	[1,1,1,1,2,2,2,2,2,2,2,2,2,2,2,2,3,3,3,3,4,4,4,4,4,4,4,4,5,5,5,5]	1	0
women	coasters	broken	[1,1,1,1,1,1,2,2,2,3,3,3,4]	1	0
women	pox	small	[1,1,2,2,2,3,3,3,3,3,4,5,5]	1	0
girls	information	available	[1,1,2,2,2,3,3,4,4]	0	0
something	something else	undefined	[1,1,1,1,1,1,1,1,1,2,2,2,3,3,4,4,4,4,4,5,5,5,5,5]	0	0
men	cake	looks good, but absolutely terrible for me	[1,1,1,2,2,2,2,2,2,2,2,3,3,3,3,3,3,3,3,4,4,4,4,4,5]	0	0
politicians	Jews	funny hair and taking it out on the Muslims	[1,1,1,1,1,1,1,1,2,2,2,2,2,2,2,2,2,2,3,3,4,4,4,4,4]	0	0
women	square roots	if they're under 16, I do them in my head	[1,2,2,2,2,3,4,4,4,4,5,5,5,5,5,5,5]	0	1
women	coffee	free	[1,1,1,1,2,2,2,2,2,2,3,3,3,3,3,3,3,3,3,4,4,4,4,4]	0	0
women	piece	admired	[1,1,1,1,2,2,2,2,2,2,3,3]	1	0
life	descriptions	too long so it eventually becomes meaningless	[1,1,2,2,3,3,3,3,4,4,4,4,4,4,4,4,4]	1	0
women	builders	experienced in operating heavy machinery	[1,1,1,2,2,2,2,2,2,2,2,3,3,3,3,3,3,3,3,4,4,4,4,5,5]	0	0
men	appendix	inside me until it bursts	[1,1,2,2,2,2,3,3,3,3,3,4,4,4,4,4,4,4,4,4,4,4,5,5,5]	0	0
men	check books	the bank gives them away	[1,1,1,1,1,2,2,2,2,3,3,3,3]	1	0
compliments	jokes	I don't get them	[1,1,2,2,2,2,2,3,3,3,3,4,4,4,4,4,5,5,5,5,5,5,5,5]	0	0
coffee	women	complete with nutrition, value and convenience	[1,1,1,2,2,2,2,2,2,2,3,3,3,4,5]	1	0
women	girl	unselfish	[1,1,1,1,1,1,1,2,2,2,5,5,5]	1	0
zip zop	zoo-ba-doo	uttered by Bill Cosby	[1,1,2,2,2,2,2,2,3,3,3,3,5,5]	1	0
people	printers	in 3D unless they're Japanese	[1,2,2,2,3,3,4,4,4,4,4,4,5]	1	0
new year	Jews	countdown to zero	[1,1,1,2,2,2,2,3,4,4]	0	1
women	people	happiest	[1,1,1,1,1,1,1,1,1,1,1,1,1,1,1,2,2,2,2,2,2,3,3,4,5]	0	0
men	dad	always there for me and nice	[1,1,1,1,1,1,1,1,1,1,2,2,2,2,2,2,2,2,2,3,3,3,4,4,5]	0	0
partner	credit card	loaded	[1,2,3,3,3,3,4,4,4,4,4,4,4]	1	0
bologna	martinis	dirty	[1,1,1,2,2,2,2,2,2,2,2,2,2,3,3,3]	1	0
vases	one night stands	expendable	[1,1,2,2,2,2,2,3,3,3,3,4,5]	1	0
heart	suitcase	closed and locked	[1,1,1,1,2,2,2,2,3,3,3,3]	1	0
women	path	worn	[1,1,1,1,1,1,2,2,2,2,2,2,3,3,4,4]	1	0
people	portions	generous	[1,1,1,1,1,2,2,2,2,2,2,2,2,2,3,3,3,3,4,4,4,4,5,5]	0	0
sex	police officers	with body cams	[1,1,2,2,3,3,3,4,4,4,4,5]	0	1
pigeons	airplanes	flying above someone else's house	[1,1,1,1,1,1,1,2,2,2,2,2,3,3,3,3,3,3,3,4,4,4,5,5]	0	0
partners	array	limited	[1,1,1,1,1,1,2,2,2,2,2,2,2,2,2,2,2,2,4,4,4,4,5,5]	1	0
chickens	eggs	suspended in a state of philosophical inquiry	[1,1,1,1,3,3,3,3,4,4,4,4,4,4,4,4,4,4,4,4,4,4,4,4,5,5,5,5,5,5,5,5]	1	0
coffee	master	noted	[1,1,1,1,1,1,1,1,1,1,1,1,1,1,1,3,3,3]	1	0
lovers	soldiers	well-trained and slow to shoot	[3,3,4,4,4,4,5]	1	0
women	chocolate chip cookies	I don't like chocolate chip cookies	[1,1,1,1,1,2,2,2,2,2,2,2,2,2,2,3,3,3,3,4,4,4,4,5,5]	0	0
airline food	baby jokes	tasteless	[1,1,2,2,2,3,3,3,3,3,3,3,3,3,4,4,4,4,4,4,4,4,4,5,5]	0	0
colleagues	detail	considerable	[1,1,1,1,1,1,2,2,2,2,2,2,2]	1	0
liver	liquor	hard	[1,1,2,2,2,2,2,3,3,3,3,3,3]	1	0
women	file system	FAT and 16	[1,1,2,2,2,3,4,4,4,5,5,5,5]	1	0
coffee	alcohol	drunk	[1,1,1,1,1,1,1,1,1,1,2,3,3,4,4]	0	1
men	coffee	hot	[1,2,2,2,2,2,2,2,2,2,2,3,3,3,3,3,3,3,4,4,4,4,5,5]	0	0
cat	other cat	I just really love cats!	[1,1,1,1,1,1,2,2,2,2,2,3,3,3,3,4,4,4,5,5,5,5,5,5]	0	0
people	coffee	I don't like coffee	[1,1,1,1,2,2,2,2,2,2,2,3,3,3,3,4,4,4,4,4,4,5,5,5]	0	0
women	questions	silly	[1,1,1,1,1,1,1,1,2,2,2,2,2,2,2,2,3,3,3,4,4,4,4,4,5]	0	0
men	urine	sterile	[1,1,2,2,3,3,3,4,4,5,5,5,5]	1	0
stamps	ladies	licked, stuck, and out of my life	[2,2,2,2,3,3,3,3,4,4,4,4,4]	0	1
women	system administrators	on call	[1,2,2,2,2,3,3,4,4,4,4,4,5]	1	0
partners	threads	green	[1,1,1,1,2,2,2,2,2,2,2,3,3]	1	0
partners	play-doh	soft and moldable	[1,2,3,3,3,3,3,3,4,4,5,5]	1	0
campfires	Democratic Socialists	burny	[1,1,2,2,3,3,4,4,4,4,4,5]	1	0
women	ambulances	coming very quickly and loudly	[2,3,4,4,4,4,5,5,5,5,5,5]	0	0
sex	condition	unprotected	[1,1,1,1,1,2,2,2,2,2,2,3,3,3,5]	0	1
women	patients	wearing a hospital gown	[1,1,1,2,2,2,3,3,3,3,4,4]	1	0
jokes	jokes	redundant	[1,1,1,1,1,2,2,2,2,3,3,3,4,4,4,4,4,4,4,5,5,5,5,5]	0	0
dog	gnomes	put away in the garden	[1,1,1,1,2,2,2,2,2,2,2,3,3,3,3,3,3,3,3,4,4,4,4,4]	0	0
ex	street lights	living on the side-walk	[1,2,2,2,2,3,4,4,4,4,4,4,4]	1	0
coffee	layers	dozen	[1,1,1,1,1,1,1,1,1,1,1,1,1,1,2,2,2,2,3,3]	1	0
cat	cat	I just really love cats	[1,1,1,1,1,1,1,1,2,2,2,2,2,2,3,3,3,4,4,4,4,4,5,5,5]	0	0
values	incomes	high	[1,1,1,1,1,1,1,1,2,2,4,4,5,5]	1	0
mothers	socks	a new pair every Christmas	[1,1,1,1,2,2,2,3,3,3,3,4,4,4,5,5]	1	0
men	tofu	extra firm	[1,1,1,2,2,2,2,2,2,3,3,3,3,3,3,3,3,4,4,4,4,5,5,5]	0	0
coffee	spread	usual	[1,1,1,1,1,1,1,1,1,1,1,1,1,1,2,2]	0	0
dad	shaving cream	alcohol-free	[1,2,2,2,2,2,2,3,3,3,3,3,4,4,4,4,4,4,4,4,4,5,5,5]	0	0
sex life	novels	entirely fictional	[2,2,2,3,3,3,3,3,3,4,4,4,4,4,4,5,5,5,5,5]	1	0
boyfriends	sitcom shows	trite but lovable.	[1,1,2,2,2,3,3,3,4,4,4,5]	1	0
women	misrule	long	[1,1,1,1,2,2,2,2,2,2,4,5,5]	1	0
lovers	minds	dozen	[1,1,1,1,1,1,1,1,1,1,1,1,1,1,2,2,2,2,3,3,3,3]	1	0
US president	90's movies	clueless	[1,3,3,3,3,4,4,4,4,4,5,5,5,5]	1	0
coffee	women	no pubic hair	[1,1,2,2,3,3,3,3,3,4,4,5,5,5,5]	0	1
axons	women	with action potential	[3,3,3,3,3,3,3,3,3,3,3,3,4,4,4,5,5,5]	1	0
partners	diapers	dozen	[1,1,1,1,1,1,1,1,1,1,1,1,2,2,2,3,3,3]	1	0
sex	law	commercial	[1,1,1,1,1,1,2,2,2,2,2,2,3,4]	0	1
women	beer	not too yeasty	[1,2,2,3,3,3,3,4,4,4,5,5]	1	0
coffee	men	black	[1,1,1,1,2,2,2,2,2,2,2,2,2,2,2,3,3,3,4,4,4,4,5,5]	0	0
phone	women	plus size and black	[1,1,2,2,2,2,2,3,3,3,3,3,3,3,4,4,4,4,4,4,4,4,5]	1	0
men	coffee	thrown out of my car window at 75mph for being too weak	[1,1,2,2,2,2,2,2,2,3,3,3,3,3,4,4,4,4,4,4,4,5,5,5]	0	0
women	coffee	filled with booze	[1,1,2,2,2,2,2,2,2,3,3,3,3,3,3,4,4,4,4,4,4,4,4,5]	0	0
brothers	eyes	I lost both of them in the war	[2,2,2,2,2,3,3,4,4,4,4,5,5]	0	1
faith	expenses	not going to some guy on a cloud who may or may not exist	[1,1,2,2,2,3,3,3,3,4,4,4,5]	1	0
animal shelters	mouth	filled with pussy	[2,3,3,3,3,3,4,5]	1	0
women	instance	magnificent	[1,1,1,1,1,1,2,2,2,2,3,4,5]	1	0
ice	dreams	crushed	[1,1,2,3,3,3,3,3,3,3,3,3,4,4,4,4,4,4,4,5,5,5,5,5,5]	0	0
pizza	people	saucy and cheesy	[1,1,1,1,1,1,2,2,2,2,3,3,3,3,3,3,3,4,4,4,4,5,5]	1	0
coffee	men	gay	[1,1,1,1,1,1,2,2,2,3,3,4,5]	1	0
men	books	included	[1,1,1,1,1,2,2,2,2,3,4,5]	1	0
sex daily	dexi lyas shit	dyl isxes ALLEE	[1,1,1,1,2,2,2,3,3,3,3]	1	0
women	computer	fast	[1,1,2,2,2,2,2,2,2,3,3,3,5]	1	0
women	bills	remaining	[1,1,2,2,2,2,2,2,2,3,3,3,4,5]	1	0
teeth	race	shiny white	[2,2,2,2,2,2,3,3,3,3,5,5]	0	0
women	coffee	corner of the street, and I'm not willing to pay more than €2.50	[1,1,1,2,2,2,2,3,3,3,3,3,3,3,3,3,3,4,4,4,4,4,5,5,5]	0	0
coffee	women	ground up and in the freezer	[1,1,1,1,2,2,3,3,3,4,4,4,4,4,4,4,4,4,5,5]	0	1
women	judges	getting me rock hard when they tell me my punishment	[1,1,1,1,2,2,2,2,2,2,2,2,2,2,2,3,3,3,4,4,4,4,5,5,5]	0	0
women	coffee	hand picked by migrant workers	[1,1,1,2,2,2,2,2,2,2,2,2,2,2,2,3,3,3,4,4,4,4,5,5,5]	0	0
reputation	STD's	earned	[1,1,1,2,2,2,3,3,3,4,4,4,4]	0	1
boobs	news	real	[1,2,2,2,2,3,3,3,5]	0	0
weapons	music	heavy and metal	[1,1,2,2,2,2,2,2,2,2,2,3,3,3,3,3,3,3,3,3,4,4,4,5]	0	0
women	sight	curious	[1,1,1,1,1,1,1,1,1,2,2,3,4]	1	0
men	turkey	roast	[1,1,1,2,2,2,2,2,2,3,3,4,5]	1	0
salmon	Jews	smoked	[1,1,1,1,1,2,2,2,2,2,2,3,4,4,5,5]	0	1
body	paper	ripped	[1,1,2,2,2,3,3,3,3,3,4,4,4,4]	1	0
coffee	women	excessively hot, done in 3 minutes and in my lap when I least expect it	[2,2,2,2,3,3,3,3,3,3,3,3,3,4,4,4,4,4,4,4,4,5,5,5,5]	0	0
baristas	tailors	rapidly becoming irrelevant	[2,2,2,2,2,3,3,3,3,3,3,4,5]	1	0
nipples	money	out of reach of my girlfriends claws	[1,1,1,1,2,2,2,2,2,2,3,3,3,3,3,3,3,4,4,4,4,4,4,5,5]	0	0
sex	race	passionate	[1,1,1,1,1,1,1,1,1,1,1,1,2,2,2,2,2,2,3,3,4,4,4,4]	1	0
coffee	affair	nice	[1,1,1,1,1,1,1,1,1,1,1,2,2,2,2,2,2,2,3,3,3,3,4,4,5]	0	0
men	London Underground	minding the gap	[1,2,2,2,2,2,3,3,3,3,3,4,4,4,4,4,4,4,5]	1	0
coffee	Hillary Clinton	I don't like coffee	[1,1,1,1,1,2,2,2,2,2,2,2,2,3,3,3,3,3,4,4,4,4,5,5,5]	0	0
coffee	dates	black  with two big mellow-cakes	[1,1,2,2,2,3,3,3,3,3,4,4]	1	0
women	men	androgynous	[1,1,1,1,2,2,2,3,3,3,4,4,4,4,4,4,5,5,5,5,5,5,5,5]	0	0
martini	humour	dry	[2,2,2,3,3,3,3,3,3,3,3,3,3,3,4,4,4,4,4,4,4,5,5,5]	0	0
women	candles	when they are burnt out, you can just buy some new ones	[1,1,2,2,2,2,2,3,4,4,4,5,5]	0	1
lovers	party	female	[1,1,1,1,1,1,1,2,3,3,3,4,5]	1	0
enemies	amputees	unarmed	[1,1,1,2,2,2,2,3,3,4,4,4,4,4,5,5,5,5,5,5]	1	0
penis	bullets	inside of other people	[3,3,3,3,3,3]	0	0
abortions	therapy	cheap, discrete and following date rape	[1,1,1,1,1,1,1,2,2,2,2,2,2,2,3,3,3,3,3,3,3,3,4,4,5]	0	0
women	Xbox One	gets turned on by my voice and doesn't want to be sold off to my friends	[1,1,1,1,2,2,2,2,3,3,3,3,3,3,3,4,4,4,4,5,5,5,5,5,5]	0	0
dad	estate	real	[1,1,1,2,2,2,2,2,2,2,2,2,3,3,3,3,3,3,3,4,4,5,5,5]	0	0
men	meat	not boneless	[1,1,1,1,2,2,2,2,2,2,2,2,2,2,2,3,3,3,4,4,4,4,4,4,4]	0	0
men	women	I'm bi	[1,1,2,3,3,3,3,3,4,4,4,4,5,5,5,5,5,5,5]	0	1
incomes	values	low	[1,1,1,1,1,1,1,1,1,1,1,2,2,2,2,2,2,3,3,4,4,4,4,5,5]	0	0
sex	butter	from goats	[1,1,2,2,2,2,3,3,3,3,3,3,3,4,4,4,4,4,4,4,5,5,5,5,5]	0	0
orgasms	alcohol	strong, wet and tiring	[1,1,1,1,1,2,2,2,3,3,3,3,3,3,3,4,4,4,4,4,4,5,5,5]	0	0
size	beef	'medium' to 'well done'	[1,1,2,2,2,2,2,2,3,3,3,3,3,3,4,4]	0	0
women	titanic	wet, wrecked and going down	[1,2,2,2,2,2,3,3,3,3,3,4,4,4,4,4,4,4,4,4,4,5,5,5,5]	0	0
girlfriend	numbers	real	[1,1,1,2,2,2,2,2,2,2,3,3,3,3,3,3,3,4,4,4,4,4,4,5,5]	0	0
dogs	trees	ruff bark	[1,2,2,2,2,2,3,3,4,4,4,4,5]	1	0
women	motorcycles	30 years old and full of problems	[1,1,1,1,1,2,2,2,2,3,3,3,3,3,3,3,3,3,4,4,4,4,5,5]	0	0
men	coffee	every morning	[1,2,2,2,2,3,3,3,3,3,3,3,3,3,4,4,4,4,4,4,4,5,5,5]	0	0
coffee	friend, the Greek mythological beast woman	AnnHydrous	[1,1,1,2,2,2,3,3,3,3,3,3,5,5,5]	1	0
sex	bottles	once I get hard, it's impossible to pull out	[1,1,1,1,2,2,2,2,2,2,2,2]	1	0
hand	jobs	in business	[1,1,1,1,1,1,1,1,1,1,1,1,1,2,2,2,2,2,2,3,3,4,4,4,4]	0	0
girlfriends	art galleries	I WANNA TOUCH	[1,1,2,2,2,2,2,2,2,2,3,3,3,3,3,4,4,4,4,4,5,5,5,5,5]	0	0
lives	sex	with some ups and downs	[1,1,2,2,2,2,3,3,3,3,3,4,5]	1	0
fleshlight	napkin	in my lap under the table	[1,1,1,1,1,2,2,2,2,2,2,3,3,3,3,3,3,3,3,4,4,5,5,5]	0	0
sexual partners	Disney figures	7 dwarfs	[1,1,1,1,1,1,1,2,3,3,3,3,4,4,4,4,4,4,4,5,5,5,5,5,5]	0	0
coffee	wife's back moles	freeze dried by professionals.	[1,2,2,3,3,3,3,3,3,4,4,4,4,4,4,4,4,4,5]	1	0
jokes	goofs	synonymous	[1,1,1,1,1,1,1,2,2,2,2,2,2,2,2,3,3,3,4,4]	1	0
state	fate	I'm a rapper who just rhymes with ate	[1,1,1,1,2,2,2,2,3,3,3,3,4,4,4,4,5,5,5,5]	1	0
papers	skirts	long enough to cover the material and short enough to keep it interesting	[2,3,3,3,3,3,3,3,3,3,3,4,4,4,4,4,4,4,4,4,5,5,5,5]	0	0
men	endeavor	brave	[1,1,1,1,2,2,2,2,2,2,3,4,5]	1	0
women	nature	minded	[1,1,1,1,1,1,2,2,2,2,3,3,3,3,5,5]	0	0
US Presidents	underpants	brown	[1,1,2,2,2,2,2,2,2,2,3,3,3,3,4,4,4,4,4,5,5,5]	0	1
sex	aphrodisiacs	sex is literally an aphrodisiac	[1,1,1,1,1,2,2,2,2,2,3,3,4]	1	0
a cold one	girlfriend	literally 'a cold one'	[1,1,1,1,1,1,2,2,2,2,2,2,2,2,2,3,3,3,3,5]	1	0
boys	sectors	bad	[1,1,1,1,1,1,2,2,2,2,2,4,4,4,4,4,4]	1	0
life	coffee	I hate coffee	[1,1,1,1,2,2,2,2,3,3,3,3,4]	0	1
news	boobs	real	[1,2,2,2,2,2,3,5,5]	0	0
mother	occasion	proud	[1,1,1,1,1,1,1,2,2,2,3,3,5]	1	0
women	matter	ugly	[1,1,1,1,1,1,2,2,2,2,2,2,5]	1	0
coffee	sandals	without bits of gravel in it	[1,1,1,1,2,2,2,2,2,3,3,3,3,3,3,3,4,4,4,4,4,5,5,5]	0	0
coffee	demand	falling	[1,1,1,1,1,1,1,1,1,1,1,1,2,2,2,2,5,5]	1	0
boobs	government	small	[1,2,2,2,2,2,2,2,3,3,3,3]	0	1
lovers	touch	romantic	[1,1,1,1,1,1,2,2,2,2,2,3]	1	0
men	rain	gentle	[1,1,2,2,2,2,2,3,3,3,3,4]	1	0
women	hospitalized grandmother	face buried in the pillow and afterwards I get their money	[1,1,1,1,1,1,2,2,3,3,3,3,3,3]	0	1
hair	athletes	coloured	[1,2,2,2,2,2,2,3,4,4,4,4,5]	0	1
women	computers	virus-free	[1,1,2,2,2,2,2,2,3,3,3,3,3,4,4,4,4,4,4,4]	1	0
football matches	knots	tied	[1,1,1,1,2,2,2,2,2,2,2,2,3,3,3,3,3,3,3,3,3,3,4,4,4]	0	0
women	packets of instant oatmeal	think and knowledgeable with facts about dinosaurs	[1,1,1,2,2,2,3,3,3,3,3,3,4,4,4]	1	0
'I like my X, like I like my Y'-jokes	jokes	meta	[1,1,1,2,2,2,3,3,3,3,4,4,4,4,4,4,4,4,4,5,5,5,5,5]	0	0
security	names	Robert'); DROP TABLE students;--	[1,1,1,1,1,1,1,1,2,2,2,3,3,3,4]	1	0
people	iPod chargers	lost	[1,1,1,1,1,1,1,2,2,2,2,2,2,2,3,3,3,3,3,4,4,5,5,5]	0	0
jokes	datasets	overanalyzed	[null]	0	0
sex	friend	lesbian	[1,1,2,2,2,2,2,2,3,3,4,5,5]	0	1
men	tension	relieved	[1,1,1,1,1,2,2,2,2,3,3,4,5]	1	0
body	regulations	heavy	[1,1,1,1,1,1,2,2,2,2,2,2,2,3,3,3,3,3,3,3,3,4,4,4]	0	0
encounters with men	car accidents	infrequent	[1,1,2,2,2,3,3,3,3,4,4,4,4]	1	0
women	passion	mad	[1,1,1,1,1,2,2,2,2,2,2,2,2,2,2,3,3,3,4,4,4,4,4,4,5]	0	0
women	molecules	large and unstable	[1,1,2,2,2,2,2,2,2,3,3,3,3,3,3,3,4,4,4,4,4,4,5,5,5]	0	0
partners	candy wrappers	disposable	[1,1,1,2,2,2,3,3,3,3,4,4,4]	1	0
men	tea	hot and British	[1,2,2,2,2,2,3,3,3,3,3,4,4,4,4,4,4,4,4,4,5,5,5,5,5]	0	0
men	animals	frightened	[1,1,1,1,1,1,1,1,2,2,2,2,2,2,2,2,3,3,3,4,4,4,5,5]	0	0
women	golf scores	with a slight handicap	[1,1,2,2,3,3,3,3,4,4,4,4,5,5,5]	0	1
heart	settlements	fortified	[1,1,1,1,2,2,2,2,2,2,2,2,4,4]	1	0
teeth	trees	made of wood	[1,1,1,1,1,1,1,1,1,2,2,2,2,2,2,2,2,2,2,3,3,3,3,3]	0	0
women	above ground swimming pools	cheap, wet and mostly plastic	[1,1,2,2,2,3,3,4,4,4,4,4,5,5,5]	0	1
sex	differences	significant	[1,1,1,1,1,1,2,2,3,4,4,4,4,5,5]	0	1
women	views	historical	[1,1,2,2,2,2,2,2,2,2,2,2,2,2,3,3]	1	0
men	windows	thinly veiled	[1,1,1,1,1,1,2,2,2,2,2,2,3,3,3,3,4,4]	1	0
women	cinema	independent and European	[1,1,2,2,2,2,2,3,3,3,3,3,4,4,4,4,4,4,4,4,4,4,4,5,5]	0	0
relationships	source	open	[1,1,2,2,2,2,2,3,3,3,3,3,3,3,4,4,4,4,4,4,4,5,5,5,5]	0	0
people	condoms	ultra-thin for maximum pleasure	[1,1,2,2,2,3,3,4,4,4,5,5,5]	0	1
sex	misery	actual	[1,1,1,1,2,2,2,3,3,4,4,4]	1	0
women	timers	old	[1,1,2,2,2,2,2,2,3,3,3,4]	1	0
coffee	marriages	strong	[1,1,1,1,1,1,2,2,2,2,2,2,2,2,3,3,3,3,3,4,4,4,5,5]	0	0
pornographic videos	graduations	full of teens	[2,2,2,2,2,3,3,3,4,4,4,4,4,5,5]	0	0
men	refuse	well	[1,1,1,1,1,1,1,1,1,1,1,1,1,1,1,2,2,2]	1	0
women	vodka	cold, cheap and tasteless	[2,2,3,3,4,4,4,5]	1	0
coffee	sky dives	when I get to the bottom, I feel alive again	[1,1,2,2,2,3,3,3,3,3,3,3,3,3,4,4,4,4,4,4,4,4,4,5,5]	0	0
women	bread	full of yeast	[1,1,1,1,1,1,1,2,2,2,2,2,2,2,2,2,2,3,4,4,4,4,4,4,5]	0	0
women	dopamine reuptake	uninhibited	[1,1,1,1,2,2,3,3,3,3,3,3,3,3,3,3,4,4,5,5]	1	0
sex	beauty	softer	[1,1,1,1,1,1,1,1,1,1,2,2,2,2,2,2,2,2,3,4]	1	0
partners	wheels	at least 4 available at all times	[2,2,2,2,2,2,2,3,3,3,3,3,3,3,3,3,4,4,4,5,5,5,5,5,5]	0	0
women	biblical movies	yelling "Jesus" the whole time	[2,2,2,2,2,2,2,2,3,3,3,3,3,3,3,3,4,4,4,4,4,4,4,4,5]	0	0
products	people	non-toxic	[1,1,2,2,2,2,2,2,2,2,2,2,2,3,3,3,3,3,3,3,4,4,4,5,5]	0	0
ex	soap	on the floor of a prison	[1,1,2,2,2,2,2,3,3,3,3,3,3,3,3,4,4,4,4,4,4,4,5,5]	0	0
particles	variables	split	[1,1,1,1,1,1,2,2,2,4,4,4]	1	0
partners	exchange	secret	[1,1,2,2,2,2,2,2,2,2,2,2,3,3]	1	0
women	tests	independent	[1,1,1,1,2,2,2,2,2,2,3,3,3,3,3,3,3,3,3,3]	1	0
beer	women	blonde and Belgian	[1,1,1,2,2,2,2,3,3,3,3,3,3,4,4,4,4,4,4,4,4,5,5,5,5]	0	0
women	coat hangers	supportive	[1,1,1,2,2,2,2,2,2,2,2,3,3,3,3,3,3,3,3,4,4,4,4,4,5]	0	0
time	authorities	a harsh mistress	[1,1,1,1,2,2,2,2,3,3,4,4,5,5]	1	0
women	weather	inconsistent	[1,1,1,1,2,2,2,2,2,2,2,2,2,3,3,3,3,3,3,3,4,4,4,5,5]	0	0
partners	horse riding instructors	always letting me sit on top	[1,2,2,2,3,3,3,3,3,3,3,3,3,3,3,3,3,4,4,4,4,4,4,4]	0	0
men	GRE test	hard and necessary	[1,1,2,2,2,2,3,3,3,3,4,4,4]	1	0
soil	women	you have to get dirty to make it worth your while	[1,1,2,2,2,2,2,3,3,3,4,4,4,4]	1	0
men	competitors	distinguished	[1,1,1,1,1,1,1,1,1,1,1,2,2,2,2,2,2,2,3,3,3,3,5,5]	0	0
hands	work	as a job	[1,1,1,1,3,3,3,3,3,3,5,5]	1	0
logic	logic	circular and like my logic	[1,1,1,2,2,3,3,3,4,4,4,4,4,4,4,4,5,5,5,5,5,5,5,5,5]	0	0
oatmeal	women	thick	[1,1,1,1,2,2,2,2,2,3,3,3,3,3,3,3,4,4,4,4,4,5,5,5]	0	0
coffee	streets	dirty	[1,1,1,1,2,2,2,2,2,2,2,2,2,2,3,3]	1	0
heart	dad	beating	[2,2,2,3,3,4,4,4,4,4,5,5,5,5]	0	1
women	TVs	60 inches wide and completely flat	[1,1,1,2,2,2,2,2,2,2,3,3,3,3,3,3,3,4,4,4,4,4,5,5,5]	0	0
mom	tea	less than coffee	[1,1,1,1,2,2,2,2,2,2,3,3,3,3,4,4,4,4,4,4]	1	0
lips	Coca Cola	Oh, how it pops and fizzes	[1,1,1,1,1,1,1,1,2,2,2,2,2,2,2,2,2,2,2,2,2,2,2,3,3]	0	0
women	Red Bull	strong, sweet and constantly giving me heart palpitations	[1,2,2,2,3,3,3,3,4,4,4,5,5,5,5]	0	1
shoes	socks	otherwise they don't fit and that would just be really embarassing	[1,1,1,1,2,2,3,4,4,4,5,5,5]	1	0
girls	ice-cream	melting in my tongue	[1,1,1,1,1,2,2,2,2,2,2,2,2,2,2,3,3,3,3,3,4,4,5,5]	0	0
porn	halloween costumes	slightly scary and with lots of tentacles	[1,1,2,2,2,3,3,3,3,3,3,3,3,4,4,4,4,4,4,4,5,5,5,5]	0	0
men	bananas	immature and green	[1,1,2,2,2,2,3,3,3,3,4,5]	1	0
nuclear waste	ex mermaid girlfriend	dumped in the ocean	[1,1,1,2,2,2,2,2,2,3,3,3,3,3,4,4,4,4,4,4,4,5,5,5,5]	0	0
steak fries	pizza guy	bottomless	[1,1,1,1,1,1,2,2,2,2,4,4,4,4]	1	0
women	sons	captive	[1,1,1,1,1,1,1,1,2,2,2,2,2,2,2,2,2,2,5,5,5,5]	0	0
women	microwave	killing any baby I put inside her	[1,1,1,1,1,1,2,2,2,2,2,2,3,3,3,3,3,3,4,4,4,4,4,4,4,4,4,4,4,4,5,5,5,5,5,5,5,5]	0	1
internet connections	seatbelts	secured	[1,2,2,2,2,3,3,3,3,3,3,3,3,3,3,3,3,4,4,4,4,4,4,4]	0	0
celery	crackers	crunchy	[1,1,1,1,1,1,1,1,1,1,1,1,1,1,2,2,2,2,2,2,2,3,3,4,5]	0	0
women	flight attendants	willing to make me a member of the mile high club	[1,1,2,2,2,2,2,3,3,3,3,5,5]	1	0
base of my house	ideas	fundamental	[1,1,2,2,2,2,2,2,3,3,3,3,5]	1	0
mother-in-law	iPod charger	I keep bumping into her even though I've got a different one now	[1,1,1,2,2,3,3,4,4,4,5,5]	1	0
sex	implication	primary	[1,1,1,1,1,1,1,1,1,1,1,1,1,1,1,1,1,1,2,2,2,3,3,3,5,5,5]	1	0
condoms	asparagus	I don't like asparagus	[1,1,1,1,1,1,1,1,2,2,2,2,2,2,3,3,3,3,4,4,4,5,5]	1	0
company	pox	widespread	[1,1,1,1,1,2,2,2,2,3,4,4,5]	1	0
men	members	sitting	[1,1,1,1,1,1,1,1,1,1,1,1,4,4]	1	0
women	roads	curvy	[2,2,2,2,2,2,2,2,2,2,3,3,3,3,3,3,3,3,3,4,4,4,4,5,5]	0	0
men	tea	sweet and English	[1,1,1,2,2,2,2,3,3,3,3,3,3,4,4,4,4,4,4,4,4,4,4,4,5]	0	0
partners	threads	equal to the number of cores in my computer	[1,1,1,1,2,2,2,3,3,3,4,4,5]	1	0
Jews	new year celebration	countdown to zero	[1,1,2,2,2,2,2,3,4,4]	0	1
women	snake jaws	easily unhinged	[1,1,1,1,1,1,2,2,2,3,3,3,4,4,4]	1	0
people	cookie jars	hidden	[1,1,1,1,1,1,1,1,2,2,2,2,2,2,2,2,2,2,3,3,3,4,4,4,5]	0	0
friends	jokes	transparent	[1,1,1,2,2,2,2,2,2,2,2,2,2,3,3,3,3,3,3,3,3,4,4,4,4]	0	0
I	like	I my like my I like my	[1,1,1,1,2,2,4,4,4,4,5,5,5,5]	1	0
men	conflict	armed	[1,1,1,1,2,2,2,2,2,2,2,2,2,2,2,3,3,3,3,3,4,4,5,5]	0	0
peanut butter	women	super chunky	[1,1,1,2,2,2,2,2,2,2,3,3,3,4,4,4,4,4,4,4,4,4,4,4]	0	0
people	lamp shades	great to read with	[1,1,1,2,2,2,2,2,2,2,2,2,2,2,2,2,3,3,3,3,3,3,3,4,4]	0	0
men	roller skates	unstable	[1,1,1,2,2,2,2,2,2,2,2,2,2,3,3,3,3,3,3,3,3,4,4,4,5]	0	0
educational videos	slippers	they massively increase my vulnerability to fire ants	[1,1,1,1,2,2,3,3,3,3,4,4,4,4]	1	0
lovers	persons	lesbian	[1,1,1,1,1,1,1,1,1,1,1,1,1,1,3,3,3,3,4,4]	0	0
Grades	State of mind when I wrote my thesis	High	[1,1,2,2,2,2,2,2,2,2,2,3,3,3,3,3,3,3,4,4,4,5,5,5]	0	0
men	coffee	all over my crotch while driving	[1,2,2,2,2,3,3,3,3,3,4,4,4,4,4,4,4,4,4,4,5,5,5,5,5]	0	0
waffles	women	hot, greasy and bought in a street in Antwerp for €1,5	[2,2,3,3,3,3,3,3,4,4,4,4,4,4,4,4,4,4,4,4,5,5,5,5,5,5]	0	1
father	times	present	[1,1,1,1,1,1,2,2,2,2,2,2,2,3,3,3,3,3,3,3,4,4,4,4,5]	0	0
coffee	nothing	artisanal	[1,1,1,1,2,2,2,2,2,2,5,5,5,5]	1	0
coffee	men	boiling hot and poured down the front of me as I walk into a sliding glass door	[1,1,1,1,1,1,1,1,2,2,2,2,2,2,2,2,3,3,3,3,4,4]	1	0
men	whiskey	strong and Scottish	[1,1,1,1,1,2,2,2,2,2,2,2,2,2,3,3,3,3,3,4,4,4,4,5,5]	0	0
mother-in-law	paint brush	dried up lying in the closet	[1,1,1,1,2,2,2,2,3,3,3,3,4,4,4,4,4,5,5,5,5,5,5,5,5]	0	0
coffee	women	white, weak and cries after sex	[1,1,1,1,1,1,1,1,1,1,1,2,2,2,2,2,2,2,2,3,3,3,4,4,5]	0	0
men	example	fine	[1,1,1,1,1,1,1,1,2,2,2,4,4]	1	0
brother	phone	near me	[1,1,1,1,1,1,1,2,2,2,2,2,2,2,2,2,2,2,3,3,4,4,4,5]	0	0
partners	newspapers	coming daily	[2,2,2,2,3,3,3,3,3,3,3,4,4,4,4,4,4,4,4,4,4,4,5,5]	0	0
women	zombies	mindless, moaning and easily avoidable	[1,1,2,2,3,3,3,3,3,3,3,3,4,4,4,4,4,4,4,5,5,5,5,5]	0	0
women	bed	home	[1,1,2,2,2,2,2,2,2,2,2,2,3,3,3,3]	0	0
phones	women	thick and made in Asia	[1,1,2,2,2,2,2,3,3,3,3,3,3,3,3,3,3,3,3,3,4,4,4,4,5]	0	0
X	Y	substituted	[1,1,1,1,1,1,2,2,3,3,3,3,3,4,4,4,5,5]	1	0
boom boxes	books	in the library	[1,1,1,1,1,2,2,2,2,2,2,2,2,2,3,3,3,3,3,3,3,4,4,4]	0	0
sex	basketball	one-one-one and with little dribbling	[1,1,1,1,1,2,2,2,3,3,3,3,3,3,3,3,3,4,4,4,4,4,5,5]	1	0
infomercials shows	bathroom 	mired in false enthusiasm	[1,1,1,2,2,2,3,3,3,3,3,3,4,4]	1	0
spiders	estate agents	dead	[1,1,1,2,2,2,3,3,3,3,3,4,4,4]	1	0
old people	flowers	in the graveyard	[1,1,2,2,3,3,3,3,4,4,4,4,4]	0	1
watch	sausage	with a face	[1,1,2,2,2,2,2,2,2,2,2,2,2,2,3,3,4,4,4,4,5,5]	1	0
father	socks	gone	[1,1,2,2,2,2,3,3,3,3,4,4,5]	0	1
brother	Christians	turning the other cheek when I call him 'little bitch'	[1,1,1,1,2,2,2,2,2,2,2,2,2,2,2,3,3,3,3,3,4,4,5,5]	0	0
surveys	fines	I don't	[1,1,1,2,2,2,2,2,3,3,3,4,4]	1	0
men	apples	I'm allergic to apples	[1,1,1,1,1,1,1,2,2,2,2,2,2,3,3,3,3,3,3,4,4,4,4,4,4]	0	0
men	protest	feminine	[1,1,1,1,2,2,2,2,3,3,4,4,5,5]	1	0
women	cooperatives	agricultural	[1,1,1,1,2,2,2,2,2,3,3,4]	1	0
prostate exams	police brutality	gratuitous	[1,1,1,1,1,1,1,1,2,2,2,2,2,2,3,3,3,3,3,4,4,4,5]	1	0
men	names	forgotten	[1,1,1,1,1,1,1,2,2,3,4,4,4]	1	0
women	personality	attractive	[1,1,1,1,1,1,1,1,1,1,1,1,2,2,2,3,3,3,4,4,4,4,5,5]	0	0
people	cheese	white and American	[1,1,2,2,2,2,2,2,2,2,3,3,3,3,3,3,4,4,5,5]	0	1
coffee	relationships	easy to make and disposable	[1,1,1,2,2,2,2,3,3,3,3,3,3,3,3,3,3,3,4,4,4,4,4,5]	0	0
sonic OC	precious diamonds	do not steal	[1,1,1,1,2,2,2,2,2,2,2,2,2,2,2,2,2,2,2,2]	1	0
dad	god	present	[1,1,2,2,2,2,2,2,3,3,3,4,4]	1	0
tea bags	condoms	steeped in moisture	[1,1,1,2,2,3,3,3,3,3,3,3,4,5]	0	1
sex	emotions	basic	[1,1,2,2,3,3,3,3,3,3,3,4,4,4]	1	0
chess climaxes	Australian dinners	check, mate	[2,2,2,2,2,2,3,3,3,3,3,3,3,3,3,3,3,3,3,3,3,4,4,4,4,4,4,4,4,4,5,5,5,5,5,5,5,5,5,5,5,5,5,5,5,5,5,5,5,5,5,5,5,5,5,5,5]	1	0
jokes	Germans	humourless	[1,1,1,2,2,2,2,2,2,2,2,2,2,2,2,2,3,3,3,4,4,4,4,4]	0	0
coffee	moment	concentrated	[1,1,1,1,1,1,1,2,2,2,2,2,3,5]	1	0
parties	hospitals	mental	[1,2,2,2,2,3,3,3,3,3,3,3,3,4,4,4,4,4,4,4,5,5,5,5]	0	0
women	washing machines	doing laundry	[1,1,1,1,1,1,2,2,2,2,2,3,3,3,3,4,4,4,5,5,5,5,5,5]	0	0
girlfriends	highways	federally funded	[1,1,2,2,2,2,3,3,3,3,3,4,5]	1	0
fantasy	casseroles	with a bit of everything mixed in	[1,1,1,1,1,1,1,1,2,2,2,2,2,2,2,2,2,2,2,3,3,3,3,3,3]	0	0
girlfriend	windows	10	[1,1,2,2,2,3,3,4,4,4,4,4,5]	1	0
Sir Mix A Lot	Abraham Lincoln	unable to tell a lie	[1,1,2,2,3,3,3,3,3,3,4,4,4,4]	1	0
men	coffee	out of a joyless sense of obligation	[1,2,2,2,2,2,2,2,2,2,2,2,2,3,3,3,4,4,4,4,4,4,5,5,5]	0	0
coffee	action movies	I get headaches without them	[1,1,1,1,1,1,1,1,1,1,2,2,2,2,2,2,2,2,2,2,3,3,3,4,4]	0	0
women	elevators	going down	[2,2,2,3,3,4,4,4,4,4,4,4,5,5]	0	1
metal	furniture	Swedish and unnecessarily complicated	[1,1,2,3,3,3,3,4,4,4,4,4,4,4,5,5,5,5,5,5]	1	0
women	Oscar Pistorius	absolutely legless	[1,1,2,2,2,2,3,3,3,3,3,3,4,4]	1	0
coffee	war	cold	[1,1,1,1,1,2,2,2,2,2,2,2,2,3,3,3,4,4,4,4,4,4,4,4]	0	0
liquor	men	dark	[1,1,2,2,2,2,2,2,2,2,2,2,2,3,3,3,3,3,4,4,4,4,5,5]	0	0
left	boiled eggs	soft	[1,1,1,1,1,1,1,1,2,2,2,2,2,2,2,2]	1	0
women	educational videos	from the 50's and filled with herpes warnings	[1,1,1,1,2,2,2,2,2,3,3,3,3,3,3,3,3,4,4,4,4,4,4,5,5]	0	0
women	flowers	artificial	[1,1,1,1,1,1,1,1,1,2,2,2,2,2,3,3,3,3,3,3,3,3,4,4,5]	0	0
men	parliaments	hung	[2,2,2,2,3,3,3,3,4,4,4,4,4,4,4,4,5,5]	1	0
mouse	computer	grey	[1,1,1,1,1,1,1,1,1,1,2,2,2,2,2,2,2,2,2,2,2,3,3,3,4]	0	0
men	pocket	enormous	[1,1,1,1,1,2,2,2,2,2,2,2,2,2,2,3,3,3,3,3,4,5,5,5,5]	0	0
drinks	men	strong, sweet and under an umbrella	[1,1,2,2,2,2,2,2,2,2,3,3,3,3,4,4,4,5]	1	0
women	Mac	inferior, but pretty	[2,2,2,3,3,4,4,4,4,5,5,5,5]	0	1
liquor	police officers	on the street	[1,1,1,1,2,2,2,2,2,2,2,2,2,2,2,3,3,3,3,3,4,4,5,5]	0	0
sex	tinderboxes	lit	[1,1,1,2,2,2,3,3,3,3,3,4,4,5]	0	1
women	pizza	hot and ready for $5	[1,2,2,2,2,2,3,3,3,3,3,3,4,4,4,4,4,4,4,4,4,5,5,5]	0	0
coffee	metal	black	[1,1,1,1,1,1,2,2,2,2,2,3,3,3,3,3,4,4,4,4,5,5,5,5,5]	0	0
coffee beans	immigration	approved on a case by case basis.	[1,1,1,1,1,1,1,2,2,2,2,2,3,3,3,3,3,3,3,3,4,4,4,4,5]	0	0
news	boobs	fake	[1,1,2,2,2,4,4,4,4]	0	0
trees	women	you can tell the age by counting the number of rings	[1,1,1,2,2,2,2,2,2,2,3,3,3,3,3,3,4,4,4,4,4,4,4,5,5]	0	0
Algorithms	Soup	Bug-free	[1,1,1,2,2,2,2,2,2,3,3,3,3,3,4,4,4,4,4,4,4,4,4,5,5]	0	0
climate	parties	political	[1,1,1,1,1,1,1,1,1,2,2,2,2,2,2,2,2,2,3,3,3,3,3,4,5]	0	0
humping	martinis	dry	[1,1,2,2,2,2,2,2,3,3,3,3,3,3,3,3,3,4,4,4,4,4,4,5]	0	0
coffee	sense of humor	dark and scalding	[1,1,1,2,2,2,2,2,2,2,3,3,3,3,3,4,4,4,4,4,4,4,5,5]	0	0
partners	sharpies	all dried up	[1,2,2,2,2,2,3,3,4,5,5,5]	1	0
partners	gas stations	unoccupied at midnight	[1,1,1,2,2,3,3,3,3,3,3,3,3,3,3,3,3,3,4,4,4,5,5,5]	0	0
girls	decisions	conscious	[1,1,1,2,2,2,2,3,3,3,3,3,3,3,3,3,4,4,4,4,4,4,5,5]	0	0
sex	sushi	raw	[1,1,2,2,3,3,3,3,3,3,3,3,3,3,4,4,4,4,4,4,4,5,5]	1	0
soaps	life	short, depressing, and cancelled because of the protagonist dying in real life	[1,1,1,1,1,1,2,2,2,2,2,2,2,3,3,3,3,3,3,4,4,4,4,5,5]	0	0
men	society	heartless	[1,1,1,2,2,2,2,2,2,2,3,4,4,5]	0	1
women	dream	tender	[1,1,1,1,1,2,2,2,2,2,3,3,4]	1	0
mother-in-law	mirror	ugly	[1,1,1,1,2,2,2,2,2,2,2,2,3]	0	1
ex-wife	thermometer	poisonous inside	[1,1,1,1,3,3,3,4,4,4,5,5,5]	0	1
coffee	metal moulders	polished	[1,1,1,1,2,2,2,2,2,2,2,2,5,5,5,5]	1	0
mother	mood	jealous	[1,1,1,1,1,1,1,1,1,2,2,2,2,2,3,3]	1	0
lovers	soldiers	well-trained and slow to shoot	[3,3,3,4,4]	1	0
coffee	rays	concentrated	[1,1,1,1,1,1,1,1,2,2,2,2,2,2,2,2,4,4]	1	0
women	milk	rich, white and with 2% fat	[1,1,2,2,2,3,3,3,3,3,3,3,4,4,4,4,4,4,4,4,5,5,5,5]	0	0
liquor	security guards	lethal	[1,1,1,1,2,2,2,2,2,2,2,3,3,3,3,3,4,4,4,4,4,4,5,5]	0	0
coffee	hero	shining	[1,1,1,1,1,1,1,1,1,1,1,2,2,2,3]	0	1
sex	Russian roulette	when shit goes really wrong you die	[1,1,1,1,2,2,3,3,3,4,4,4,4,4,5,5,5]	0	0
partners	dogs	loving me unconditionally	[1,1,1,2,2,2,2,3,3,3,4,4,4,4,5]	0	1
canals	civilization	Hand made	[1,1,1,1,1,1,1,1,1,1,1,1,2,2,2,2,4,4,5,5]	1	0
shopping bags	Snickers	without plastic please	[1,1,1,1,1,1,1,1,1,2,2,2,2,2,2,2,3,3,3,3,3,4,4,4,5]	0	0
semen	chips	in my stomach	[1,1,1,1,1,1,1,2,2,2,2,2,2,3,3,3,3,3,3,3,3,3,3,4,4]	0	0
sex	slaughter houses	frightening	[1,1,1,2,2,2,2,2,2,2,3,3,3,4]	0	1
ex	attachment	forgotten	[1,1,1,1,2,2,3,3,3,4,4,4,4,5,5]	1	0
women	whiskey	12 years old and dashed on the rocks	[1,1,1,1,2,2,2,2,2,2,3,3,3,3,3,3,4,4,4,4,5,5,5,5]	0	0
men	whiskey	aged and mellow	[1,1,2,2,2,2,2,2,3,3,3,3,3,3,3,3,3,3,4,4,4,4,5,5]	0	0
future kids	baboons	little, cute & wicked thiefs	[1,1,1,2,2,2,3,3,4,4,4,4]	0	1
coffee	fortune	falling	[1,1,1,1,1,1,1,1,1,1,2,2,2,2,3,3]	1	0
quiches	women	I'm not quichekeurig	[1,1,1,2,2,3,3,4,4,5,5,5,5,5,5,5]	0	1
women	coffee	with a tongue-twistingly pretentious name	[1,1,1,1,1,2,2,2,2,2,2,2,2,2,2,2,3,3,3,4,4,4,4,4,5]	0	0
food on my plate	church and state	seperated	[1,1,1,2,2,2,2,2,2,3,3,3,3,3,3,3,3,3,3,4,4,5,5,5,5]	0	0
men	dentists	caring	[1,1,1,1,1,1,1,1,1,1,1,2,2,2,2,2,2,2,3,3,3,3,3,3,3]	0	0
life	transitions	cut short	[1,1,1,1,2,2,2,2,2,2,3,3,3,3,3,3,4,4]	1	0
men	beauty	sleeping	[1,1,1,1,1,2,2,2,2,3,3,3,4]	1	0
men	Potters	Harry	[1,1,1,2,2,3,3,3,3,4,4,4,5]	1	0
women	psychologists	only talk when laying down	[1,1,1,1,2,2,2,2,2,2,3,3,3,3,3,3,3,3,4,4,4,4,4,4]	0	0
coffee	men	fine if somebody is paying, but I really prefer tea	[1,1,1,1,2,2,2,2,3,3,3,3,3,3,3,4,4,4,4,4,4,4,4,5]	0	0
hair salonz	covfefe	misspelled	[1,1,1,1,1,1,1,2,2,2,2,2,2,2,3,3,3,3,3,3,4,5,5,5]	0	0
lovers	soldiers	well-trained and slow to shoot	[1,4,4,4]	1	0
women	laughter	silly	[1,1,1,2,2,2,2,2,2,3,3,4,5]	1	0
coffee	buildings	empty	[1,1,1,1,1,1,1,1,1,1,1,1,1,2,2,2,2,2,2,2,2,2,2,4,5]	0	0
men	race	proud	[1,1,1,1,1,1,1,1,1,1,2,2,2,2,2,2]	0	1
bass	sofa	low	[1,1,1,1,1,1,2,2,2,2,2,2,2,2,2,2,3,3,3,3,3,3,3,3,4]	0	0
boyfriends	war movies	the one you like best dies in the end	[1,1,1,1,1,2,2,2,2,2,2,2,2,3,3,3,3,3,3,4,4,4,4,5]	0	0
showers	sun	hot, melts my body, kills me	[1,1,1,1,1,1,1,2,2,2,2,2,2,2,3,3,3,3,3,4,4,4,5,5]	0	0
men	girls	spirited	[1,1,1,1,1,1,1,1,1,2,2,2,2,2,3,3,4,4,5,5]	1	0
sex	slave	female	[1,1,1,1,2,2,2,2,2,2,2,2,4,4]	0	1
women	officer	headed	[1,1,1,1,1,1,1,1,1,1,2,2,2,2,2,2,3,3,5,5]	1	0
women	coffee	covered in bees	[1,1,1,1,2,2,2,3,3,4,4,5]	1	0
women	Ikea furniture	with a few screws missing	[2,2,2,2,2,3,3,3,3,3,3,4,4,4,4,4,4,4,4,4,4,5,5,5]	0	0
advice	educators	helpful	[1,1,1,1,1,1,1,1,1,1,1,1,2,2,2,2,2,2,2,2,2,3,3,3,4]	0	0
people	vegetables	indigenous	[1,1,2,2,2,2,2,2,3,3,3,3,4,4]	1	0
sex	wallet	empty	[1,1,1,1,2,2,2,2,2,2,2,2,3,3,3,3,3,3,4,4]	1	0
hardware	people	chunky, experimental and lying by my side in my messy bed as I drift off to sleep	[1,1,1,1,2,2,2,2,2,2,2,2,2,3,3,3,3,3,3,4,4,4,4,4,5]	0	0
eyebrows	caterpillars	small, scrunched up and ready to crawl off my face at any moment	[1,1,1,1,1,1,1,2,2,2,2,2,2,2,3,3,3,3,3,3,3,3,4,4]	0	0
covfefe	men	Drumpf	[1,1,1,1,1,1,2,2,2,2,2,3,3,3,4,4,4,5,5,5]	1	0
men	sofa	having something big to sit on	[1,2,2,2,2,2,3,3,3,3,4,4,5]	1	0
thighs	peanut butter	chunky and easy to spread	[1,2,2,3,3,3,3,3,3,3,4,4,4,4,5,5,5,5,5]	1	0
coffee	men	Straight after Sunday mass	[2,2,2,2,2,2,2,2,3,3,4,4,4,4,4,4,4,4,4,4,5,5,5,5]	1	0
women	neurotransmitter agonists	existing	[1,1,1,1,1,1,2,2,2,2,2,2,3,3,3,3,4,4,4,4]	1	0
coffee	outlets	if I put my finger in one, it hurts	[1,2,2,2,2,2,3,3,3,4,4,4]	1	0
sex	police stations	surrounded by cameras	[1,2,2,3,3,3,3,3,4,4,4,4,5]	0	1
sex	grid papers	meticulous	[1,1,1,2,2,2,2,2,3,3,3,3,3]	1	0
tea	pipes	flavored	[1,1,1,1,2,2,2,2,2,3,3,3,4]	1	0
girlfriends	meteorologists	wet and excited	[1,1,1,2,3,3,3,4,4,4,4,4,4]	0	1
women	coffee beans	ground up and in the freezer	[1,1,2,2,3,3,3,3,3,3,4,4,4,4,4,4,4,5,5,5,5]	0	1
dick	forceps	big and veiny	[1,1,1,1,1,1,1,2,2,2,2,2,2,2,3,3,3]	0	1
massages	Disney movies	with happy endings	[1,1,2,2,2,2,2,2,3,3,3,3,4,4,4,4,4,4,5,5,5,5,5,5]	0	0
mother	papers	forgotten	[1,1,1,1,1,1,2,2,3,3,3,3,4,4]	0	1
women	tests	mental	[1,2,2,2,2,3,3,4,4,4,4,4,5]	1	0
jokejudger filters	tinder dates	riddled with insecurities	[2,2,2,3,3,3,3,3,3,4,4,5]	1	0
men	cloth	brown	[1,1,1,1,1,1,2,2,2,2,3,3,3]	1	0
baseball	beer	free	[1,1,1,1,1,1,1,2,2,2,2,2,2,2,3,3,3,3]	1	0
women	art	pretty and silent	[1,1,1,1,1,2,2,2,2,2,2,3,3,3,3,3,3,4,4,4,4,4,4,5,5]	0	0
men	soul	struggling	[1,1,1,1,1,1,1,1,2,2,2,2,2,2,2,2,3,3,3,3,3,4,4,4,5]	0	0
sex	news shows	angry and 24 hours long	[1,1,2,2,2,2,3,3,3,3,3,3,4,4,4,4,4,4,4,4,5,5,5,5]	1	0
men	first time driving	exciting yet hopefully I don't die	[1,1,1,2,2,2,2,2,2,2,2,3,3,3,3,3,3,3,3,4,4,4,4,5,5]	0	0
sex	water guns	fully loaded	[1,2,2,2,2,2,2,2,2,2,3,3,3,3,3,3,3,3,4,4]	1	0
women	balloons	floating away with me	[1,1,1,2,2,2,2,2,2,2,2,3,3,3,3,3,3,3,3,3,3,4,4,4]	0	0
partner	thermometer	if you drop her, she breaks	[1,2,2,2,2,2,3,4,5,5,5,5,5]	0	1
beer	violence	domestic	[1,1,1,2,3,3,3,3,4,4,4,4,4,4,4,4,5,5,5]	0	1
men	cake mixes	always a little dissappointing in the end	[1,1,2,2,2,3,3,3,3,4,4,4,5]	1	0
tights	Apple phone's screen	not damaged for a change	[1,1,1,1,1,1,1,2,2,2,2,3,3,3,3,3,3,3,3,4,4,4,5,5,5]	0	0
civil liberties	women	abused and taken for granted	[1,1,2,2,2,3,3,3,3,3,4,4,4,5,5]	0	1
fingers	limitations	breaking them is just one step to breaking the latter	[1,1,1,1,1,2,2,2,3,3,3,3,4]	1	0
women	ceiling fan	always blowing	[2,2,2,3,3,3,3,3,3,3,3,3,3,4,4,4,4,4,4,4,4,5,5,5,5]	0	0
teen drama shows	tooth picks	thrown away within three seconds	[1,1,1,1,1,1,1,2,2,2,2,2,2,2,3,3,4,4,4,4,4,5,5,5]	0	0
coffee	guest	handsome	[1,1,1,1,1,1,1,1,1,1,1,1,1,1,2,2,3,3,5,5]	1	0
partners	tree houses	loved as children then forgotten	[1,2,2,2,3,4,4,4,4,4,4,4]	1	0
coffee	crowbars	Black and strong	[1,1,1,1,1,1,1,1,2,2,2,2,2,2,2,2,2,3,3,3,4,4,4]	1	0
coffee	symbol	magnificent	[1,1,1,1,1,1,1,1,1,1,1,1,1,1,1,1]	0	0
women	sand	loose	[1,1,2,2,2,2,2,2,2,3,3,3,4,4,4]	0	1
coffee order	Grenfell Tower jokes	Too Soon	[1,1,1,1,2,2,2,2,4,4,4,4,4,4,4,4,4,4,4,4,4,4,4,4,5,5,5,5,5,5,5,5,5,5,5,5]	1	0
women	coffee	in a plastic cup	[1,1,1,1,1,1,1,1,1,1,2,2,2,2,2,2,2,2,2,3,3,3,3,4,4]	0	0
­	­	autism	[1,1,1,1,1,1,1,2,2,2,2,2,3]	0	1
women	priests	virtuous	[1,1,1,1,1,1,2,2,2,2,2,2,3,3,4,4]	0	0
tv-shows	babysitting	filled with sexual tension	[1,1,1,1,2,2,2,3,3,3,3,3,3,4,4,4,4,4,4,4,5,5,5,5,5]	0	0
men	feeling	desperate	[1,1,1,1,1,1,1,1,2,2,2,2,2,2,3,3,3,3,4,4,4,5,5,5]	0	0
sex with my girlfriend	girlfriend	she sucks	[1,1,2,2,2,2,4,5,5,5,5,5]	0	1
women	coffee	warm and comforting	[1,1,1,2,2,2,2,2,2,2,2,2,2,3,3,3,3,3,4,4,4,4,5,5]	0	0
men	arms	concealed	[1,1,2,2,2,2,2,2,2,2,2,2,2,2,3,3,3,3,3,3]	1	0
mother	recently bought house	back on sale again	[1,1,1,1,1,1,1,2,2,2,3,3,3,4,4,4,5]	1	0
women	novel	lesbian	[1,1,1,1,1,1,2,2,2,2,3,4]	1	0
jokes	eskimo pussies	rather cold	[1,1,2,2,2,2,3,3,3,3,3,3,5,5]	0	0
partners	feeling	guilty	[1,1,1,1,1,2,2,2,2,2,2,2,3]	1	0
men	sheer	rising	[1,1,1,1,1,1,1,1,1,1,2,2,2,2,2,2]	1	0
coffee	muscle	dried	[1,1,1,1,1,1,1,1,1,2,2,5,5]	1	0
women	men	comely	[1,1,1,1,2,2,2,2,2,2,2,2,2,2,2,2]	1	0
hands	interest	low when building a house	[1,1,1,1,2,2,2,2,2,3,3,3]	1	0
mother	farmers	working hard	[1,1,1,2,2,2,2,2,2,2,2,2,3,3,3,3,4,4,4,5]	1	0
women	mind	trusting	[1,1,1,1,1,1,1,2,2,2,2,2,2,2,2,2,2,2,3,3,3,3,4,4]	0	0
coffee	myself	pouring	[1,1,1,1,1,1,1,1,2,2,2,2,3,3]	1	0
friends	achievements	viable	[1,1,1,2,2,2,3,3,3,3,3,4]	1	0
dick	politics	going so far left that I can't get laid	[1,1,1,1,1,1,2,2,2,3,3,3,3,3,3,3,4,4,4,4,4,5,5,5,5]	0	0
coffee	women	black, bitter and preferably fair trade	[1,1,1,1,1,1,2,2,2,2,2,2,2,3,3,3,4,4,4,4,4,4,4,4,5]	0	0
Chinese people	bananas	YELLOW	[1,1,1,1,2,2,2,2,2,2,3,3,3,4,4]	0	0
sex	abortions	weekly	[1,1,1,2,2,2,2,2,2,3,3,3,3,4]	0	1
father-in-law	glasses	warps my perspective on the world	[1,1,2,2,2,2,2,2,3,3,3,3,3,3,4,4]	0	0
lovers	piano tuners	touching my strings in the right places	[1,1,1,2,2,2,2,2,2,2,3,3,3,3,3,3,3,4,4,4,4,4,5,5]	0	0
men	management	wretched	[1,1,2,2,2,2,2,2,2,2,2,2,2,2,3,3,3,3,4,4]	1	0
Doctors	wifi	Available & free	[2,2,2,2,2,2,2,3,3,3,3,3,3,3,3,3,3,3,4,4,4,5,5,5]	0	0
coffee	women	bitter as hell	[2,2,2,2,3,3,4,4,5,5,5,5,5,5]	1	0
bananas	slopes	slippery	[1,1,1,1,2,2,2,2,2,2,2,2,3,3,3,3,3,3,3,3,3,3,3,4,5]	0	0
women	breast	postmenopausal	[1,1,1,1,1,1,1,2,2,2,2,3,4]	0	1
tea	liquor	straight and strong	[1,1,1,1,1,1,1,1,1,2,3,3,3,3,3,4,5]	1	0
coffee	women	full of whiskey	[1,1,2,2,3,3,3,3,3,3,3,4,4,4,4,4,4,4,5,5,5,5,5,5,5]	0	0
terrorist attacks	bee movie	According to all known laws of aviation...	[1,1,1,1,1,1,1,1,1,1,2,3,3,3,3,4,4,4,5]	1	0
sex	value	fair	[1,1,1,1,1,1,1,1,1,1,1,1,1,1,2,2,2,2,2,2,3,3,4,4]	1	0
women	vodka	cold, cheap and smelly	[1,1,1,2,2,2,2,2,2,2,3,3,3,3,3,3,3,3,4,4,4,4,5,5,5]	0	0
coffee	myself	dark, bitter and too hot for you	[1,1,1,1,1,2,2,2,2,2,2,3,3,3,4,4,4,4,4,5,5,5,5,5]	0	0
women	cheese	fat-free singles only	[1,2,2,2,2,3,4,4,4,4,4,5,5,5,5,5]	1	0
love	ravines	something deep you climb together	[1,1,2,2,2,2,3,3,3,3,3,5]	1	0
sex	tv	if I don't like what's on, I switch channels	[1,1,1,1,1,1,1,1,2,2,2,2,3,3,3,4,4,5,5,5]	1	0
boobs	government	big	[1,2,2,2,2,2,2,2,3,3,3,5]	0	1
relationships	reality tv shows	hugely entertaining but too embarrassing to talk about	[1,1,1,2,2,2,2,2,3,3,3,3,3,3,3,4,4,4,4,4,4,4,5,5]	0	0
people	back	hurt	[1,1,1,1,1,1,2,2,2,3,3,3,4,4,4]	0	1
women	tool kits	useful for screwing or hitting	[1,1,1,1,1,2,2,2,2,3,3,3,3,3,3,3,4,4,4,4,4,4,5]	1	0
men	picture frames	well hung	[1,1,2,2,3,3,3,3,3,3,4,4,4,4,4,4,5,5,5]	1	0